transformed_feature_0,transformed_feature_1,transformed_feature_2,transformed_feature_3,transformed_feature_4,transformed_feature_5,transformed_feature_6,transformed_feature_7,transformed_feature_8,transformed_feature_9,transformed_feature_10,transformed_feature_11,transformed_feature_12,transformed_feature_13,transformed_feature_14,transformed_feature_15,transformed_feature_16,transformed_feature_17,transformed_feature_18,transformed_feature_19,class_
-1.1096101429570755,-0.3976164551111752,0.0848486521924842,-0.18507154899272282,-0.2185941363153272,-1.301783491695556,-0.5860783563878943,-1.1841520707104534,-0.3850140592135905,0.1803638126892158,-1.0145059287384768,-0.8071371694680237,-1.0920683668445659,0.8378111806792417,-0.6807149342222728,0.6755567905055384,0.7078915281562126,-0.0035349484086220173,1.3717646165213588,-0.5841167670604555,0
1.1254892998289912,-0.5824840860501113,-0.7205402494137304,0.9107716363080295,1.0410089386398855,1.7254048268014954,1.43539844211724,2.2302640373252887,-0.1485859242035956,-0.45511188986090745,2.2069894261558898,2.0806405498655587,1.7181578285143018,0.27114906638345687,-0.26457673610196464,0.4885676903362963,-0.8209241562177211,-0.39368060832860746,-1.2166521631325384,-0.31771020677468687,0
-1.496243527259403,-0.9241087840542743,-0.2759985825525111,0.7892882935224943,0.5972719930269238,-0.43380675184659917,-0.8265517179164108,-0.35077998577640784,0.2587031632249754,0.7936830176722036,-0.915497805299004,0.8795380189770887,-0.9203852262094476,1.420582146792604,-0.7753261949568513,0.7717797740378515,-0.2344977508574624,-0.26587618918725736,-0.21608769368649414,-0.6132245378804507,0
-0.9718110219373827,0.5082928747380497,0.9153644931537126,-0.10185103271674241,-0.16015453015212294,-1.3853111614719191,-0.11507920339952953,-1.3245137519043109,0.2956512008739079,0.4488880264527274,-0.840233505983325,1.127526735212571,-1.2606773774084457,1.550160083914689,-0.28047505304208,0.21534084897219385,-0.2727011739050542,-0.22874955266606425,-0.12908208764770765,0.21922039763155757,0
-0.9618626678741977,1.0460611648376212,1.6957950353265192,0.5200016716766477,0.46620968856804956,-0.5106098725964132,-1.099379849522092,-1.2302140941210393,0.25630057153882035,0.37484893392471974,-0.7468249467494019,-0.4838707317577537,-1.3443289911716532,0.7980513973477814,0.4438117815765173,-0.5470472852876024,-0.4519449247042991,-0.2889834127615001,-0.281341898215584,1.394532601417436,0
-0.4300841565622818,-1.3222987637689612,-0.7496493735110263,0.6778320431690383,0.6505031295649685,-0.27390100711772936,-0.9831277719804495,-0.8746961236861005,0.3089513629618725,1.0160603845238894,0.27371276026708646,-1.2099954345133328,0.09057677221340045,-0.1765688241913897,-0.7580555170293287,0.8607546061343634,1.4253083608551413,0.26195599760634636,0.5452113591528874,-0.7641311892076523,0
-0.9596990150235947,0.25899411602199957,0.7908416231006191,-0.5169158574511705,-0.5610713926272567,-0.7602242224939836,-1.1266811465244564,-0.9282182171830674,0.3890338646161208,0.6150684503688074,-0.7105559293317102,0.5954440916358743,-0.9895211356433073,1.2839016353886759,-0.3225067443591089,0.430685990364059,-0.10124237795338688,-0.23682986722784274,-0.281341898215584,-0.20590919058772233,0
-1.1697224952495495,0.6221519122154777,1.3469091461446345,-0.17647167435570288,-0.253668064959822,0.11152454303126988,-1.146792415070788,-0.5061368929021243,0.13229033214606348,0.8366844533377166,-1.1666918720871553,-0.9431685710320312,-0.40037550368041613,0.04273764207073072,-0.27996127629468476,-0.08037380024382297,-0.3719116351804008,-0.257614373902069,0.11018332895895513,0.4035318193409576,0
-0.44199470445447697,-0.23805583583395848,-0.6774452693310116,-0.3414761403290517,0.04302774332599227,0.5498586398868526,0.13300898081879073,0.20866410403706354,-0.421497210862251,-0.4217087827393023,0.08278133671679301,-1.0491639532098083,0.3035031262292121,-0.6810584098019634,-0.300682553487898,0.38602621227860634,-0.6800616483921962,-0.3520889241982246,-0.34659610274467384,-0.543512377847223,0
-1.1794802101356465,-0.5482069249769402,-0.0064746140202064225,0.3817909274957014,0.2873601841211324,-0.8875200252051632,-1.0030974157358317,-1.0519630155122424,0.8802907002922591,1.0901176700858068,-1.2975838633203933,1.4742627570494058,-1.4075055323256087,1.9038797183804015,-0.8028324534012714,0.7713649359655795,0.17246178739663912,-0.17151351106720247,0.023177722920168665,-0.6131505715822528,0
-1.3648223729533777,-0.830117372632074,-0.3518142158652438,0.022363580797780266,-0.15348906154056172,-0.7216884894052854,-1.3751542571603785,-1.1862321228958177,1.2178623943176363,1.5223763560550896,-1.695482432334284,0.9671183214368049,-1.2183547655624942,1.2768910477351163,-0.8432741268234758,0.8678171867100251,0.20585569640411092,-0.21611821116027155,0.4799571546237976,-0.7522313628284141,0
0.3018017069514147,-0.09953832065544364,-0.46146743193311224,2.8673240870356493,2.7759686379370394,1.1266218410222937,1.5320227406653064,1.764872305123583,-0.9403674555541539,-1.4728688890069666,1.6344778816002412,1.1515087511774749,0.7717076285919103,-0.07440165578620732,0.7984442963623771,-0.771431210805328,-0.5937164726901062,-0.016698741686127755,-0.9121325419967858,0.16912170075804026,0
-1.1014623799093883,-0.675623453302907,-0.050768325110241014,-1.5418452435500134,-1.5627863888893303,-1.155950500984999,-1.1874605652572015,-1.360132903512869,0.4753893942825973,0.7838732814199167,-1.23158407249963,1.604018686580528,-1.0946867767259965,1.8030870206547276,-0.7677532279084807,0.7503829960925955,0.4894655982110714,-0.1627092726934168,2.0678094648316505,-0.6931854538450762,0
0.2571648208654398,-0.9392572223318785,-0.6828055380878066,0.6304905108449571,0.6003027868928886,0.011122173719224651,-0.7733272122968254,-0.3640170437304015,-1.825088826711661,-0.48521814650944695,-0.9078280504587614,-1.0786543976869616,-0.1805835590213756,-0.22982651561980547,-0.6092226027826344,0.7166114271194599,-0.41112580015049327,-0.28090619096294606,-0.6511157238804265,-0.6216605615705595,0
0.5527434185695108,0.48042271408436893,-0.22812741545425472,-0.1769953952697861,-0.1777511756593043,1.052945183555459,0.5241275183347743,1.0874401111843226,-0.7192358500485996,-0.981521291638305,1.2039507610758688,0.46455019533631764,0.7869734659288655,-0.43784211378750815,0.3908349063889754,-0.3811434220349904,-0.7359829405727704,-0.37466026965353655,-0.8686297389773926,-0.1735965987536187,0
-0.4573407064751947,0.24131472455212236,0.1920617675896801,1.2192104378806434,1.1764998328011413,0.26954277661560544,0.05198161881590548,0.4165963610666394,0.11883347819502671,0.14339547545905243,0.7362744467950376,1.439819397869188,0.29577268114227284,0.6906200960783687,-0.24807977982255985,0.221861546107913,3.323884449521717,5.413216787904556,-0.846878337467696,0.016920659138640114,0
-0.9556673147775802,0.8376539631414205,1.385307699934369,-0.5096041001626997,-0.5286449480766141,-0.9852441735731452,-1.2404703054640385,-1.1211334865203277,0.4754844380840653,1.0570980004136943,-0.9120224934855102,-0.367649937950893,-0.8970107682267608,0.2890730264348583,-0.07445047006655453,-0.0021288263429631634,0.18256384191062533,-0.08961842350107943,0.3276973440559213,0.3877656797058875,0
-1.0689192124681266,1.369838967962443,1.9923377648858975,-0.040626587313694416,-0.005307977817757099,-0.5500786506816291,-0.015370123095655832,-0.753681035798082,-0.49381816719013044,0.26656145435914874,-1.0974564135010074,-0.17960884373746644,-1.0204691303502604,0.9747019845271084,0.6437439780331584,-0.846324826448913,0.11909364216736378,-0.0830057647291174,0.023177722920168665,1.3432301189817595,0
-0.836024785104408,0.4904907239616621,1.1222226963889215,-1.3039122380169215,-1.3413319943529616,-1.5668042722633113,-0.062233189964082544,-0.7762127082533774,1.8876500634277287,1.508892982516569,-1.2683068661643393,0.5355518226159414,-1.040564215962462,1.0898115822327368,-0.377109939710495,0.32423579348773907,1.2874122092556766,0.13804554579323638,3.024871131258302,-0.2145219602543978,0
0.9395408709270104,1.010854160817338,0.7114867714946277,-0.13001177365771205,-0.19443836157457312,0.5039122497118743,1.3089294513839664,0.8431212997003108,-1.3710722555604793,-1.1146587469527707,0.5341635878995695,-0.4379804117371517,-0.1250768043919763,-0.19849500443846724,1.0663100080030292,-0.46284553878581797,-0.7049565772289659,-0.35449936593070475,-0.7163699284095163,0.6753354883907644,0
-0.4589743806616375,-2.0338869029583457,-1.9876523443760303,-1.7478970771291014,-1.5597409775893596,-0.6467494670471609,-0.7383971777511908,0.03440218528833113,0.2646062562727325,0.43090179304695736,-0.3462232563830359,-1.8087970786269252,-0.7574790771501019,-0.5446956507413293,-0.8755136717556105,0.9445281186580674,5.502227991032251,6.244531682754613,-0.4553531102931569,-0.9568410835594903,0
-1.0738553941870261,-1.0769552161121272,-0.6432365493337718,0.7522106232196015,0.7187299936839152,0.11571690122180986,-0.9703294385377137,-0.4450180830893076,-0.7084441503237436,0.5775013113336183,-0.48570774585352733,-1.0645653789063283,-0.6652742587735162,0.4958762393488516,-0.801471201124932,0.846147180765226,-0.031861835590749864,-0.2300967768765417,1.2195048059534825,-0.6909363363854318,0
0.9682041796961312,1.8522540043491649,1.528542235912674,1.032109726902693,1.026011815020447,1.497767971772058,1.4943690846168423,1.4524313570257388,-0.306489570082822,-0.926535452855411,1.12344371097544,0.5145840907080932,0.8492007914647374,-0.17340870206628622,4.243381705610451,-3.45710399482322,-0.8440036428052654,-0.39490238491671525,-0.9773867465258758,3.9159893481330186,0
-0.8173190395424915,-2.053768687792676,-1.529025884065563,0.6797894168934536,0.6204091419981332,-0.7189901681122597,-0.2220185480986955,-0.8931984349818902,-0.16784476659823805,0.6072173190262267,-0.4247411476491671,-0.390787492460168,-1.2133714925070764,0.6075874964179317,-0.9020427841689398,0.9678377551094212,0.18177158543599586,-0.19906254256577027,-0.25959049670588735,-0.8956266688243097,0
0.7417675100921368,-0.34759632340036817,-0.7271927792168817,1.0782128102650281,0.9706147161756421,1.568221104249065,0.7951062159918034,1.4397991464309416,-0.8207770509003286,-2.228384286998542,1.2393733063476173,-0.8336716348956569,1.1785210308399323,-2.632375501307606,-0.1008819900502349,0.1860506553078575,-0.46151992166578804,-0.34114942761310757,-1.020889549545269,-0.289235254300104,0
1.0331963963026107,2.1154322588666608,1.154046566646693,0.8255382955848899,0.892875363241294,1.6897055636054812,1.7617274437539643,1.9150745521170758,-0.7094532939814706,-0.8399714342311021,0.7077815688579889,1.204253552083764,0.6470412147451436,-0.5089119232735546,4.148589010766906,-3.6739649982296037,-0.7845806050956461,-0.38656274306363886,-0.9338839435064825,2.4539039080590204,0
-0.8355966217991709,-0.8811146939367173,-0.3480885050829834,-0.6444244940168252,-0.6312024099555628,-0.41621966684020417,-0.7003065209438013,-0.23279752455169994,0.4909384672036895,0.7754035744517633,-1.4141072898069569,-0.4026996209158382,-0.7106301971656765,0.2159832846054414,-0.8800495052755878,0.8636674018383139,0.1799665120091315,-0.1974596430329445,0.3059459425462247,-0.7703539627163377,0
-0.5661637106319235,-0.20699224478302394,0.3283106270358143,0.517870545015859,0.4181560293177297,-0.8817312193834386,-0.873863872142449,-1.0024714895807694,0.014064813058590885,0.5720290374017919,0.15124435452289217,-0.4743144042078288,-0.5452375218276961,0.45489199022298804,-0.6951229052766125,0.6701453076280364,1.1180142721034798,0.2297974662858116,1.306510411992269,-0.4189224053801874,0
-0.8779436443217471,-0.3474195929582183,0.16973645488713685,0.20372138918208374,0.07125537083432402,0.37154543689975617,-0.32169012016014664,-0.008851773037690719,0.3170703568424928,0.7282541611419197,-0.5505970095104672,0.8279180683231261,-0.4828342920036752,0.9919239867385082,-0.6647570203062657,0.611700735927836,-0.6168375927248488,-0.367621978393537,-0.672867125390123,-0.4166738060034507,0
-1.3690428029539918,-0.9270605559206979,-0.3195665762970813,0.23938916106749222,0.18342124889473718,-0.9642716963637703,-0.6386442376395176,-1.0470539763199358,0.739260719654919,0.917261755480383,-1.0722938457244438,0.4580144419584633,-1.1596723457185063,1.3513918398735143,-0.7142657932162705,0.7757535498647411,0.21660991758042467,-0.17262121679866468,0.13193473046865176,-0.7182804732827696,0
-0.9408829633984899,-0.7051666888880616,-0.29469435685061196,0.07720660390335274,0.035266989156123654,-0.24474981113365174,-0.8277067788938749,-0.6773644323361955,0.03941078661528952,0.5720098367958173,-0.4051924518055691,1.291505105442697,-1.1083932784051724,1.103685881354261,-0.8262105507994804,0.8142661407280772,0.258485839594735,-0.0923646317453627,0.39295154858501113,-0.6788870032348091,0
-1.09393956696087,-0.9390488402407611,-0.3821456698059039,1.4827681280251748,1.3527583088749806,0.09681426589517834,-0.8508824644102322,-0.27687486631434866,-1.3307831898304987,-0.275064321532342,-0.6729685087350666,-0.38018719074867474,-0.682731875354548,0.7737443238689764,-0.7309061878781911,0.7375768884072079,-0.46682739223164454,-0.3052675558839308,-0.846878337467696,-0.48175075796711697,0
-1.1418651794542294,-0.8764611196316607,-0.4500423492701368,0.5961859313232876,0.5287673068481625,-0.21566870080507441,-0.6352234096527088,0.08293686340908726,-0.5828325976503521,0.37959442018386785,-1.3839600580148606,0.2960191410824456,-0.8956541504898152,0.8721893239373683,-0.7885598909418526,0.7745440135289304,-0.2195212490558189,-0.2208433120584811,0.15368613197834838,-0.6265839831468923,0
-1.082609649097996,-0.9826938770516944,-0.6079749174912888,-0.7548385606141795,-0.8128064622966923,-0.8965476264655533,-0.28780080480034065,-0.5701875176016955,0.31999348798449223,0.9147066120472401,-0.7970992706465188,-0.39215548209603074,-0.5252337696549317,0.5493662630368795,-0.8559651155010566,0.8834863611143873,0.9631055084282679,0.009752969145450596,1.5675272301086285,-0.810226659453862,0
1.2468693778048272,1.2928236992438438,1.1731755499172611,-0.13014217613254617,-0.09282621371311518,1.2506013307704567,0.8870516879148003,0.8857992847132572,-0.8856616247301375,-1.230090601275656,-0.0035557181891445544,0.3140581888139303,0.7367207978750333,-0.1200410165002518,1.4239415263781896,-1.1209892862693047,-0.8478568876165636,-0.39571368704758064,-0.4553531102931569,1.9691539764694277,0
-1.0807960951487168,-0.6174450180220017,-0.2761478378283088,1.6980830092840296,1.5761895722184769,-0.16489965692506126,-1.0171373447362686,-0.500777754330661,-0.6918750057599732,0.06143964510707765,-0.2719397922254092,-0.8883878921836486,-0.9122080151356898,0.47380189834881975,-0.5757345859470968,0.573839260040612,-0.22135714426580894,-0.20629563653415184,-0.15083348915740427,-0.3848518386828789,0
-1.0311068680576665,-0.5217152497868066,-0.03570534582153539,-0.6593693985368709,-0.6242099084517135,-0.374848401793156,-0.9411165004132009,-0.7727462759945688,1.4891270406544554,1.4889851046733813,-0.7892885604962688,0.8521362246530709,-1.2710116618997973,1.6050653106312487,-0.7233182493548078,0.7285926285964592,0.036304814377356186,-0.2281211321411856,-0.12908208764770765,-0.6578626010549474,0
1.033613690507071,0.24803444532317984,0.22629151740448752,-1.098852834184794,-0.9536593587510496,0.6286852617638389,0.3398941847981714,0.5911963800182857,1.5149780782066553,0.5273432253576196,1.360700472068575,0.5720227933358065,0.9667188587837515,-0.044716921793745965,0.06928757198247616,0.1334383844549203,-0.5924973421107582,-0.35310779315057894,0.8714823817983367,-0.2832502011409611,0
-1.242862281922243,-1.0025717714853186,-0.5116070044384571,0.8834998562348042,0.7699459945753754,-0.2801461783377765,-1.2540518086268058,-0.6107885894346277,-0.039094485181420294,0.5148235216663749,-0.3722305436696643,-0.7824375403500872,-0.6232388992371509,0.4256646640400312,-0.7938546724012522,0.7927027313322609,-0.08158435601888912,-0.2197526527276674,-0.3248447012349772,-0.667909663325149,0
0.025401915163674973,-0.026214340871921683,-0.14058342416263905,-0.9703997046115168,-0.7809429473559009,0.2962345716039752,0.32714962249143814,0.026467211304550254,-0.2930486406913047,0.45508927959521966,0.7501825453436025,-0.2168656540977452,-0.5346530104927677,-0.24907083964230475,-0.023669308330317926,0.30414171150968317,-0.5711768670857642,-0.3193229234963267,-0.4771045118028535,-0.33830312559754994,0
-0.6748913282786576,1.0208228095987133,1.6416520742544953,0.26023262756571663,0.18781213449800796,-0.47367115657823544,-0.45982044405363515,-0.8599090723016893,-0.5991057126001567,0.4519544014906104,-0.4935277296702078,-1.4598597168049208,-0.9502243701824872,0.19220448564022855,0.20661066796486818,-0.27623964013563634,-0.08021028145097102,-0.12490296266481266,0.13193473046865176,0.8826226914779048,0
1.5569584468690145,1.2268722760332376,0.873129946130958,0.5091365089727788,0.39076860716862355,-0.9397371918858041,1.709355068773929,0.37834178919013706,-1.419535101610201,-1.0750142256147606,1.9913801886340132,1.3278353236685607,0.21820303917220438,0.2051911502042851,0.9236980232544403,-0.8654493482557158,-0.7952434427216211,-0.35054030317717255,-0.3030932997252806,1.6224908342888984,0
-1.0399723183776843,-1.4016380374437236,-0.8674048251351261,-0.11183854586912173,-0.163391899641342,-0.6611565819584504,-0.7226543015049773,-0.7838411680617012,1.7774467053624143,1.6862789447776942,-0.9912583528862012,0.7079461723783046,-0.786610989213849,0.7574881356841328,-0.898259030412323,0.9302798327340436,1.9004879431351445,0.21098179819910975,2.350577684457707,-0.873955499913061,0
1.3781006708915329,0.25032346180752085,-0.5865174462585938,1.24436734561224,1.334341322000653,0.7655406590540246,1.5925130558372635,0.9418047105066181,-0.6630144623330129,-0.6323253255461364,1.1800451079466339,0.5673542705089087,1.5848723249179606,-0.6946909654719144,0.056453734191677984,0.11524649078720979,-0.5530602632756789,-0.2633219598240642,-0.49885591331255014,-0.3320604656757177,0
-1.3030675149084006,-0.7121387764001816,-0.16086187730835966,0.290053583089767,0.2378674597167352,-0.9052941466498083,-0.8557114484663734,-1.1271049327065281,1.0979062848458037,0.7501681628413643,-1.2006059688095612,-1.7351731890507431,-1.6161704160737511,0.034773684154979154,-0.6470580175152086,0.6986026131290599,1.0285784661384412,0.21353776530217486,0.3712001470753145,-0.6293309384282441,0
0.6101632904758477,0.17047563467410232,-0.4242763611155044,1.235287204494418,1.2074839508510167,1.4616453403747198,0.6712995361075116,1.2801552584878357,-1.3203294828296848,-0.7156533224798564,0.23017767846904735,0.8689352188430737,-0.2689408072286643,-0.39746786459173344,-0.005184283329359957,-0.36393784549505964,-0.836805004057504,-0.3918655493760598,-0.9556353450161791,-0.13213019928714165,0
0.6207169892305264,0.5854261444351447,0.46362107341078085,0.6440660459232346,0.714250378948246,1.6842539995686947,1.1101355269135618,1.4809309050890285,1.0311522858320785,-0.06379987988557298,1.4877158919669937,0.3650949424534715,-0.05788058404643933,-0.6265151101654665,0.32183555670315056,-0.3169367968719356,3.567665015958104,5.7120934819624765,-0.9121325419967858,0.27189476360665565,0
-0.4906473443703846,0.08657727238545271,0.41224203967255296,-0.7183896136773197,-0.6670553222417933,-0.37592870494538316,0.10032185126224298,0.341995897665673,-1.499668442410308,-0.5666652463403666,-0.1866251846559619,-1.6934886496989145,-0.10435685488922641,-1.1219492857551114,-0.1120113694526826,0.09740817961861424,-0.6769279486096417,-0.34123756619315976,0.023177722920168665,-0.16143639586076172,0
0.9325748267962471,1.2895293981327411,1.4197969253319835,0.32737828096050386,0.25092068846873367,1.038930760072345,1.4638560249063093,0.7467906997312025,0.04968084972570824,0.0031285158526506707,1.1453072719994115,-1.5492459790596915,1.193876912557617,-1.7708115831992497,2.1855862137296933,-1.9847352574548984,-0.795687283990203,-0.37871311605578234,-0.672867125390123,1.9437717398382468,0
0.2850409488230131,-1.3301217359525155,-1.5247828251543138,2.7217910456818397,2.6345975399478285,0.2065132394278872,1.611913555216113,0.811512228389148,-1.0257549613330248,-1.1696508988319798,2.0357444772729663,-0.14705532843850597,1.2120840680891274,-0.7618209220062218,-0.4431920285235651,0.613794574661195,-0.5515409619316046,-0.10812069847682935,-1.2166521631325384,-0.522926632480004,0
-0.9869079997337128,-2.839865800750949,-2.2812000483533565,-1.9135145243757696,-1.8597046662305219,-0.6816158194371382,-0.8631650223595526,-0.7139476931219009,1.3109527454520005,1.3721359476260377,-0.7657100851086471,-0.8305157231822723,-1.1587372794641804,0.42826004850987875,-0.9617471093169276,1.0359987549005019,3.8797936203276593,0.40103058816335496,2.7421029116322457,-1.0072417330999641,0
-0.8479684398488198,-0.8139597201031011,-0.27284679794002986,-0.9354266882587658,-1.0369034153201877,-0.8101392223437283,-0.43470873113390485,-0.19850949297345463,0.5159102838717279,0.47897817941816695,0.10686813298982892,0.1713746754892601,-1.5048136468504167,1.2583595439143125,-0.7609752647537857,0.7906339574542279,0.8302100772673612,0.041874594181086126,0.2841945410365281,-0.6779779669945637,0
-0.4588135728426725,-0.899719533538255,-0.43264393088796577,-0.36772071472680584,-0.1792973053185313,-0.9962726676032849,-0.14804395699429837,-0.7008286017276377,0.4623724305032755,0.6482663526020069,-0.47516026362233926,-0.6267181447086488,-0.7866208842079713,0.2991543151104618,-0.7411534031380257,0.8397928812848942,2.3672969566881825,0.5368736031799449,1.2847590104825724,-0.7539454999071266,0
-1.4450587642395556,-2.357840334295027,-1.8744962423137626,0.8391765120244743,0.7335794006523021,-0.2588705423625896,-0.9518920326288516,-0.7043955690396725,0.7685762246114209,1.3231116867476753,-1.2676154026123314,0.8288371047806496,-1.2818433359288037,1.4537604980710601,-0.9404266672185143,0.9983392718629298,0.01052535350588493,-0.2814335950140787,-0.4771045118028535,-0.9351557470733441,0
1.190840177504195,-0.9149112985418797,-1.496388455637602,0.3213636065639026,0.3931518115717286,0.7696672929166607,0.779828236734851,0.4924089642512352,-0.37961105083642666,-0.42370505059872204,0.46152494084076545,-0.16396766356862755,0.7126983370081128,-1.053508637184123,-0.559670845859503,0.6938517441953219,-0.4498080489618815,-0.3243558629441118,-0.8033755344483028,-0.7119390986407668,0
0.22539626586755987,1.3473661573812261,1.3572703259902499,-0.2998284757938669,-0.2580653886019608,0.7396493527154502,0.294024244440778,0.8067328485332804,-1.5226566712730532,-0.866370353359048,1.091648889981266,-1.6301906436431395,1.6637880511267449,-1.8570316703388718,1.3479364437554282,-1.2944114455802571,-0.6453917985400914,-0.2141863409197847,-0.43360170878346027,1.6151107831221472,0
1.5476036902934738,0.24497722048606307,-0.8182162860292954,0.15995561800106414,0.15171246681527675,1.2205362506489776,2.45768708236787,1.4788329995461895,0.6613057981639238,-0.5638570805473022,2.043067182313384,-0.6751514088366504,0.9000739471694503,-1.9057937135867984,-0.213565555625551,0.14436098147536217,-0.5499108742439144,-0.355632848136934,-0.6076129208610332,-0.5850409472626164,0
-1.140518964256026,0.8739169288646942,1.4031059086203632,-0.6279924584347513,-0.5785743229100858,-1.0643055849944516,-0.9955867778684037,-1.355423174479389,-0.6699856155536811,-0.15583191903695912,-0.43448679311916927,0.8167939216745693,0.3769669316737801,1.077361613746371,0.07584336860158498,0.019404080479004517,0.2902388555767541,-0.05637502531597076,1.132499199914696,0.16285273816551254,0
-0.017567869971102976,-0.7628014703280918,-0.7172129556449839,0.8840225169913404,1.0538430890674817,1.5606807209663385,0.9651551913773228,1.322965137700469,-0.37834690345695243,-0.10023506850412396,0.917603851832759,0.3492551670535113,0.3686682666347848,-0.06512448469794217,-0.41454021663135476,0.48466069166579107,-0.823698540561813,-0.3908926542456001,-0.7163699284095163,-0.4307049656859087,0
-0.9693333001045228,-0.39804801647291826,0.08336013383004841,-1.609800522161843,-1.557089530825982,-0.5633781845446918,-0.6436201532971297,-0.9559595182986256,1.9653836687291695,1.652782920498451,-0.5770814321364104,0.7882964312389534,-0.8547363390089431,1.2654073461712765,-0.6824840605989475,0.6847278979849426,1.2741439630301266,0.05974960712520535,1.9590524572831676,-0.6559132941886993,0
0.10404073401054839,-0.1835595763578174,-0.95593733664499,2.532127380122894,2.569831361448062,2.520015734190355,0.08691380779796555,1.5415226110384357,-2.2092821862584406,-2.044074732819683,0.557522933559542,2.1828082385932324,0.5447913479530782,1.169276224616539,0.2628330208429704,-0.3537473336418609,-0.8589534254359255,-0.39812912478219264,-1.3254091706810216,0.2742068480658435,0
0.9631771178312716,-0.25961349688498103,-0.4658462246389125,1.7422279927275792,1.6316291032482289,1.1953006136476634,1.1158390149116915,0.9999320342838256,1.2039394146478102,-0.11946888659178367,1.6009153131426885,-0.9644895714619749,0.8666324513504473,-0.8935000729485361,-0.09663598398338612,0.06655382902006812,-0.7519005948850955,-0.3801054568548694,-0.5858615193513366,-0.26188780964266367,0
-1.3019049870797545,0.6017497124603008,1.3543967565598174,-0.36335085812981754,-0.41341593907067115,-0.7673092590003204,-0.6034147940483336,0.017797148955665462,-0.23582610827663125,0.6411713166756603,-0.23489100766869717,-0.9585264858809726,-0.6012854828177844,0.3982110709373348,-0.4848303079120217,0.20096745968969615,1.1914589879477937,0.38013451445187457,1.0019907908565164,0.22266740247872033,0
-1.0689033152279936,0.7909269680596229,1.2254270054248646,-0.4019982012176056,-0.40441769839040986,-0.8656145153435428,-1.0733565850651523,-1.1765412225977703,0.12033101558603068,0.6604935134044896,-0.6779709502188154,-0.6767842262312664,-1.4095747674014605,0.760642375409712,-0.02940317926099918,-0.06882720218233344,0.8994640428162095,0.05307134867307773,1.2412562074631792,-0.03516277350150146,0
-1.0074773209834471,-0.609636875173509,0.07191997954175203,-0.42260375911040926,-0.5444885144184421,-1.5042741629959089,-1.3225718893606395,-1.570552543310125,0.49678481880882863,0.7115992223026576,-0.9377733584045862,0.23516979726503764,-1.3164761830269194,1.1503797566054657,-0.7032765904796082,0.739187045723993,1.4281453819961807,0.19528558005632776,2.3070748814383135,-0.6259107543346842,0
-1.036382979244933,-1.345393486745768,-1.0618603760188023,-0.25129936820632925,-0.3865104363387136,-0.8089203577514803,-0.8988516700590198,-1.1950356490357248,-0.24064716581244935,0.6222010916990149,-1.2622414009276943,-0.35909630603095,-1.0151295266973792,0.4123321929007231,-0.8984637805231638,0.9503324437769803,1.581361528734028,0.1793561323978766,1.3500132150116624,-0.8730183277856778,0
-1.0348742036560887,-1.852195546821344,-1.2846510433491993,-1.2110910543360047,-1.2463993632673538,-0.877601707442889,-1.1940689301145513,-1.346305110752116,0.5038460773040945,0.8373753148083396,-0.24993996991118145,-0.508623652905798,-0.8748088620204578,-0.13355349416079207,-0.9001966209615693,0.9675119714244481,0.5583538524218801,-0.25886797737694583,1.9590524572831676,-0.9274704852951978,0
1.087989180640177,0.7404906332213262,0.3015490533756143,0.9801600607359993,0.9422664780240138,0.04244848133644438,0.8407386563959375,0.6231993290184934,-0.33101141925866734,-1.287014491580942,0.9462388205705493,-0.31893878751253335,0.40734095925271524,-1.5022880022258478,0.42968418767147015,-0.16885141274599477,-0.4520245349914201,-0.32500401405711976,-0.9556353450161791,0.0983022381410677,0
-0.43277149528612885,0.927164009584851,1.5783840627137893,0.4923340436383464,0.47671961529729656,-0.20547225113516773,-0.3343371550763412,-0.4167944497226736,-0.4108274252825464,0.1715715899887069,0.04115547578338472,-0.7417495892480632,-0.2810713457686119,0.1321227207987524,0.44922079317172336,-0.6387092438379772,-0.5203940064634278,-0.299622900970155,-0.23783909519619073,1.0948498549418912,0
1.0203964356691115,-0.24931078217328678,-0.8588232329468424,1.0454188083887404,0.9731556469747387,1.3468115368823779,1.8508793158541885,1.930077348789018,-0.5798605614967971,-1.1784471536211552,1.3631198087962213,-0.498416304762605,1.4639130301958418,-1.9316202607285768,-0.4000459271722659,0.38350949644249666,-0.49063021014456665,0.1261366075770629,-0.9338839435064825,-0.4784799810136134,0
-0.4449394938188737,0.12980668080404403,0.20721468556769704,-0.2843458792487153,-0.3246976550863154,0.983403670499301,-0.005375601087804368,0.6332536169530617,0.5279543775810696,0.23988664831508033,0.30335806385594555,0.48799034119387663,-0.5371969844605003,0.4952584008027451,-0.23475487378910886,0.08891238387328902,-0.7738862687713577,-0.3832246171754773,-0.56411011784164,-0.286477538835286,0
-0.9815799274096977,-0.10281882856061897,0.022185304294637914,-0.2917474262928572,-0.31510628301488813,-1.3235776060332816,-0.48606436556242044,-1.5749902696719835,0.16197791294448158,0.8613806713788598,-1.238778714594283,1.2899104807889503,-1.1145953833805802,1.5116889090694237,-0.5318717161417126,0.6023767937075041,0.2566851186692644,-0.18819287622991182,0.3494487455656179,-0.5878930733742184,0
-1.3061973566190797,0.5124327309866145,1.2437414913813134,0.8385630772979397,0.7311284876205001,-0.03499081214903999,-1.1017635776158394,0.09996908962000603,0.5173896741314707,0.9337865882389872,-0.630413674002424,0.3609767836837906,-0.6076025463122492,1.2245179142923825,-0.18210976130975506,0.17536641974993236,-0.15243862498716912,-0.232791535608188,-0.34659610274467384,0.38244090328626174,0
-0.10448733382028887,-0.9178467248075431,-1.3312740946261599,1.7725613924629937,1.8009642272219448,2.232311665277848,0.36598945330134885,1.7337012178368256,-0.8391287431312346,-0.4921206267827888,0.4436440712686012,0.048367584554173434,0.6730860902774627,-0.33131453042929204,-0.34838283100982725,0.3986045900270447,-0.1719998290708961,0.5671243443696469,-1.020889549545269,-0.4341085711264241,0
0.4816168103598041,0.10083754320281126,-0.4139724848079592,0.8353541495431006,0.7878360981011567,0.18262091174275188,0.2786198813906224,0.03440218528833113,-1.1345233010378262,-0.7950263480067901,1.4180106197394236,-0.6587197830056074,-0.13286096419799157,-0.6565829778674631,0.17544404011458642,0.07424379388628932,0.4380090108613639,1.2940033899028303,-0.34659610274467384,-0.18135724159482614,0
0.24515537911305904,1.5430377320149442,1.2122977043053378,-0.7590314629442806,-0.7944801796257913,0.6538027522498316,0.4307199432850246,0.5712728908802739,-2.9681181631152906,-1.7989210363660737,1.4027937812838756,2.0949235917600797,0.8245035185621722,0.47653873443003053,2.687487642344684,-2.0532436038362984,-0.8587968745645733,-0.38763300593129796,-0.36834750425437046,1.8123760310338408,0
-0.7764235871354073,-0.80353263534069,-0.2514679041087905,0.47734001643162244,0.40632052805597374,-0.7475270958381788,-0.862321316242106,-0.9591031943732207,-0.12552957862467717,0.5223110456660999,-0.9244192156709822,0.34533947294782696,-0.8525086250940122,0.9781998741856137,-0.700339713274486,0.7332224385177168,-0.3312011207195141,-0.3416179657260784,-0.19433629217679751,-0.6599638656232586,0
0.47903923739055954,0.7709955880276633,0.504030808312054,2.365693039366117,2.2588141923808993,1.7356873938414574,0.6618956608134692,1.6784651611104562,0.11282754710713506,-0.2624005192047822,1.0109366508786868,-0.14445189240091366,1.0095246294838762,-0.5202800272044349,1.9237893891071407,-1.3825955866954291,-0.8428137334525714,-0.39373224014877567,-1.3471605721907183,1.5918241519998249,0
0.8538913356259622,0.17296243808608605,-0.214209661449474,0.614705929625782,0.6871578573585418,0.3802393720593473,0.8052498303687298,0.7024527789403731,-0.40496792331152603,-0.18834507485498245,1.752720032472067,0.6678014633242554,0.35106903438976605,0.1827103130196092,-0.1260579200459255,0.17319851667046057,-0.6523150846379051,-0.33718686352060717,-0.25959049670588735,-0.41702498650976555,0
1.255866150487385,-0.9348201034456672,-1.2652507304193295,1.471161888123829,1.4961813898501586,1.5311191693472892,1.1072764092554896,1.705595825412761,0.4370729704456809,-0.2538656385385105,0.8547632466353967,0.771695620140105,0.363179207367976,0.08027651012876837,-0.5057174174091519,0.55707883344308,3.1765528846682516,5.34186750574935,-1.695182996345864,-0.6651529441736149,0
1.1136414267127714,0.2592667981927508,-0.8191558635000187,0.532671073239374,0.6636715788764728,0.4547945666760477,2.0671849178645534,1.2889564046257755,-2.353503266590487,-2.182533169581669,1.8299522454757806,-1.8872446154026834,1.460929461176523,-2.8635167151903387,-0.027229661621902674,0.0045631419437671605,-0.5790377882658075,-0.31834842380100015,-0.49885591331255014,-0.30057991499127834,0
-0.11921137430160293,0.34168720406821435,-1.2757099585440415,0.6627372439727751,0.7612284640923449,1.326663695308605,0.5431165287551337,0.901960277779066,0.7890970408291409,0.2100873985944183,0.8582119912818191,2.2126786715759934,0.4259010945103008,0.6264966817205387,-0.05806474328704823,-0.174106914964936,-0.7617630214226379,-0.3805462144031911,-0.49885591331255014,-0.6708607034195782,0
-0.6820558281882465,-2.1357114634616514,-1.5816912748130234,-0.44486064121065605,-0.465469943454258,-0.24845493442812094,0.27236996676071856,0.2512925052146405,-0.23189761013981652,-0.18733897693761625,-0.5563351168567067,-0.7164671301161754,-1.3718607617059475,0.8722929609130633,-0.9504292476664713,0.9843672439236486,0.12310219473006674,-0.22938070392502738,-0.12908208764770765,-0.9335376346689355,0
1.010923630487861,1.3594606886220058,0.4909764062619759,0.7527249301693046,0.6512763000874316,1.7553084683294473,1.181375894201409,1.7276782412513196,-0.5382135535664154,-0.5969284358935648,2.3815511901158724,-0.06662098174464495,1.4717968968408786,-1.7320813117330938,2.643979515697497,-2.7508880559421067,-0.8136769124289592,-0.3829918401962331,-0.6076129208610332,1.3077991462740601,0
-0.2409639363733721,0.005456324616572928,-0.5710481623411796,1.633029198786401,1.5287527804719527,1.4138772681443812,0.8227818315464579,1.1306566827424607,-0.3145460250589363,-0.6422430575114778,0.8953662230248075,0.6499487138886002,1.0592454753580312,-0.2520922409735632,0.022929710114000534,0.2736401338255091,-0.6545506255136618,-0.2688255578412115,-1.194900761622842,-0.21398833485953217,0
-0.20799655599277525,-0.016482884406458165,-0.10123726193255705,-0.8502922505337362,-0.6606330838812196,0.24622891765284113,-0.3605619522912455,0.06008996670277008,-1.4982717130848182,-0.9978983672148091,0.5612559412857899,1.1486545455999773,1.4811670517778248,0.6687908373561758,-0.029824358236298854,0.3114611834753898,-0.741366124418686,-0.37779795552242207,0.4364543516044044,-0.3632282536940699,0
0.4354319103213636,-0.9466374479965916,-1.5185477138867889,-0.29456468719452333,-0.10457764060593246,0.7719488210912772,1.6666177499998396,1.2735494289694151,-0.3757681474930955,-0.9651703194268711,0.8424300863513128,-1.4363570226521372,0.4572445026301975,-1.7041000585026156,-0.76171845314334,0.783539145705776,-0.6896806385145752,-0.3702512434678373,-0.8903811404870893,-0.7783662543667967,0
-1.0666635457933837,-1.3939639285953167,-1.0700073215318333,-0.42753081751253075,-0.34060965115861863,-1.2029394097723798,-0.5909163753387023,-0.7311176909220006,1.3447622002091686,1.2334534415332512,-1.3101003888092533,0.44382344523579703,-0.4057181114747664,-0.1488590672550263,-0.8602114794531288,0.9000693047269834,1.326121737116498,0.055292718101277394,1.2847590104825724,-0.8993720794631384,0
-0.8184283424868989,-1.0329386105178777,-0.3884405770970594,-0.5226584581860323,-0.6385483468332984,-1.1310468658491255,-0.4815945893598053,-0.7297498476629916,0.3012584608627181,0.6303796545252089,0.11742305680486087,0.8626179463326848,-0.8778987879774541,0.8869321545630524,-0.8488946822345562,0.8517471616322939,0.8238374079011006,0.062167796281281225,1.132499199914696,-0.7556960223469678,0
1.237851335149473,1.7330975733068534,1.71659493155924,0.7217261426373673,0.7727889834933896,0.7775603888382218,1.5108929140811895,0.8352432361363198,-0.9789807819074633,-1.1373458487235395,0.3377062211703643,0.4173096040122959,-0.3773223703814975,0.04817580002394645,3.731802819845636,-2.589332676085067,-0.7380296917005722,-0.350402535573873,-0.6076129208610332,3.09237174831651,0
-0.26102141328200734,1.6710818907634941,1.8012594592698967,0.3822120352314185,0.4065311465737621,1.1031049197569964,-0.33265274330822947,0.5855261056750412,-0.5336841664784591,-0.13989433843875712,-0.16967744594434492,-1.8691614478913576,0.7676823232289289,-1.0549193870376636,1.617440141040578,-2.4319385076996336,-0.8420312448008372,-0.38437094753729245,-0.7163699284095163,2.2603714076443167,0
1.4609743873510974,0.16147239221909568,-0.29353698728314026,1.218783046446707,1.2503513992198942,0.7740251391031303,1.5850843104679566,1.4192148703053962,-1.011071077982542,-1.5620545872780796,2.3845882238680303,0.43901341038259994,1.4338351385330232,-1.218696316315843,0.07568181329938266,0.022191147250002572,-0.6814703658345799,-0.3630685103387503,-1.0643923525646621,-0.06873223446953135,0
0.7705647824095171,-1.0689735180860067,-1.9870037333222206,2.1263801450390174,2.1012102717149728,1.604029214271175,1.3401675891956368,1.2577819504684913,-0.8036199350622328,-1.360477183310019,1.1139823932190736,0.6869187711152847,0.8251155095653151,-0.4381521121213568,-0.5569064708937708,0.6135474388601553,-0.6035386765476171,-0.3539560636284818,-0.9991381480355723,-0.739322231240037,0
-0.5365508020166623,-1.2624994028841632,-0.9515517894533941,-0.8477749192167079,-0.5410755952463212,-0.5030778684170247,-1.1951827073239643,-0.646901068747451,0.8489942282258743,0.9802344225104057,-0.764313753376151,-0.7441024643188475,0.20122834119670283,-0.6143804171546788,-0.7881215826482907,0.8695465048164664,0.9595484013589657,-0.025423933583119725,0.06668052593956189,-0.8617486695585166,1
0.19346498758834954,0.15638956005832894,-0.42022296339168197,0.6333054456531985,0.7435929303935064,0.004551408142453911,0.5724125940841265,0.03440218528833113,-0.047862519606075786,-0.8614156579945781,-0.2027505950698535,-1.18073765335715,0.6757341943404268,-1.6574221462031933,-0.004371499644071263,-0.029094888960819628,1.7077063440763423,4.013208811566567,-0.8903811404870893,-0.4035599320352289,1
-0.12424161852623572,-1.3513662324742262,-1.0728084243135392,-0.25067599684640746,-0.2938848382715371,-0.7594624145695603,-0.9342621285209768,-1.2310368389784418,0.9200580910783964,1.1097526816726975,-0.570112663991732,-1.1381991331308388,-0.5063112814728721,-0.043085592501442775,-0.802668519158862,0.8707922612485903,0.40551181836197214,-0.08736440938814267,0.5669627606625841,-0.8257076940796065,1
-0.8359625027352877,-2.028483529904097,-1.4093978873657496,-1.2203287028038434,-1.1832123536470327,-1.2432254202202453,-1.5298995203156591,-1.7357130467610142,0.6468738086686762,1.05538656705363,-0.4319934228358436,-0.7340894345970106,-0.8113822178867757,0.2585898068843918,-0.9421843949053312,0.9690936054834858,-0.19685180226164295,-0.3284462957288555,-0.1725848906671009,-0.9077585066779736,1
2.097195409714834,0.058827746623094763,-0.5518391593633235,-0.4220493324151253,-0.27214492253603345,-0.5107504944382157,0.6813354404685003,-0.05921131579972777,-1.7709135004159584,-1.4462933942885954,0.30431364451403375,-1.2097533698404208,1.5595574336850238,-1.1840811171333605,-0.059508253105919985,0.24162696346087803,-0.4754409924899228,-0.3164828979863383,-0.3900989057640671,-0.3009729406555177,1
0.6676368053211162,-0.13325585369290166,-0.8565637118430867,0.09245478907188055,0.1719310380355722,0.13586745006797826,0.901213605958705,0.5160311793337494,-2.4000970938314072,-2.545704893451656,0.8793387073117133,-0.4442792666105372,1.1085057566201308,-1.1166451170798322,-0.37579818359938166,0.35176588853721197,-0.8325109894012092,-0.3908670251684115,-0.19433629217679751,-0.4044252899011073,1
1.0251130773604278,1.5590176046140998,1.701777530422446,-0.8332606547566493,-0.9287142328742873,-0.36993720374676425,-0.3034547060413055,0.03440218528833113,-1.8021400940825836,-1.3384320375442003,0.635872566136967,0.006345297941375292,0.6860054343462881,-1.1077278457694946,2.5786813156541473,-1.7145978956912924,-0.6314706011897534,-0.25916289665806874,0.2841945410365281,2.943033154614333,1
-1.4204837369282381,-0.21623909311628203,0.18256622475140669,-0.9014823434565868,-0.9131911318408913,-1.4377684186576074,-1.1407608424153421,-1.1978691161128514,1.0576896668790525,1.5473280678928572,-1.80840506075149,-1.055458423110396,-1.281145064584615,0.7386719825855637,-0.7333757067721997,0.7287280668056215,0.49172080125882206,-0.06569491730937406,0.91498518481773,-0.5690506371386651,1
-1.0725980769139247,0.1242348704188601,0.680611153615125,-0.99013039466102,-0.9565160320702837,-0.9324099813747573,-0.6574042591755745,-1.3846932893131958,0.5751429037159504,0.7746534790786509,-1.7912864693951216,0.14859038259821825,-1.4380835757215864,0.9569630525022372,-0.2920898285893418,0.4198957563332794,0.666983278544797,-0.08707892355203886,0.91498518481773,-0.47285539400059146,1
-0.8203542847873276,-0.9955734439678131,-0.44792084195876763,-1.3994839790132707,-1.421152021473638,-0.804301216510505,-1.047360323356169,-0.8582331947539209,0.6902772970577042,1.1554345717639851,-0.9140323941376063,-1.542232568366402,-0.5262960875672273,0.00426947116595237,-0.8284080796377865,0.8767447428485465,0.8348972151636422,-0.02491845815418055,0.7192225712304604,-0.8011589731417502,1
0.5154717753368268,0.9499977516598315,1.2554091891646917,-1.3977550902614813,-1.31999469214303,-0.5953333557627654,-0.41840212903043045,-0.698346285773078,-0.7477875140327681,-0.9008886957408437,-0.14868970613461716,-0.3079574808387134,-0.1476587695643382,0.4605349968304008,0.8354594239654598,-0.6340404911288002,-0.533690797000444,-0.29167461326388483,0.8062281772692469,0.9483924398466753,1
-0.15786832354052763,-0.3666314886707858,-0.12880571672277044,0.3816907086626936,0.35878262126022825,-0.8717255536503572,-0.3379709401766733,-0.6692182773856333,0.5711832510628726,0.718154308792002,-0.5531242430125372,-1.3409384574326888,-0.628413377594951,-0.43566372001772086,-0.5099440421083468,0.545529780761004,0.44421618395369844,-0.01697582844618388,0.5669627606625841,-0.57480574119188,1
0.38465801926916404,1.3312354337795955,0.6314369033596415,1.2885477657625206,1.2726978676926783,2.252827116248375,0.1842197101220878,1.2544263517440453,0.7047210837605843,0.20226528254327159,-0.3260751395661714,1.6155110604632734,0.1244236222080988,0.4732755814129971,1.6187890380052403,-1.9881836082160969,-0.8776594531456957,-0.39960238038702794,-1.1513979586034486,1.6818542085370234,1
-0.6423338601537305,-0.09110605123533293,0.497133206569844,-0.9199719600551101,-0.9772960659258217,-0.9712391241636025,-1.159478513049537,-1.2946510405856393,1.5738419080862749,1.1580449160564703,-1.0028469426499522,-1.4544565749399119,-0.8768807605913069,-0.12833231032795625,-0.3338824401473715,0.4485448406801362,-0.16484456983193868,-0.22316797357216384,0.740973972740157,-0.2969841804970925,1
1.7248082781669636,-1.4026736020587198,-1.753703633509014,-0.2815688968209185,-0.3497335932584741,0.06698015512277349,1.1111321120904976,0.6696247462509216,0.6229796963976723,0.12555187161021977,0.9428137804468473,0.09547642629893179,1.0233093469771282,-1.0770992462993971,-0.8166188374644345,0.887283636375458,-0.7552883972417521,-0.3748178324930261,-0.5858615193513366,-0.7340390210106162,1
0.9683520401302035,-2.7200534423085125,-3.23637850337381,2.772648884997617,2.876019192097806,2.4591348523061236,-0.11075801352277162,1.6403768454197356,-0.5436483460504711,-0.9592714159989414,-0.2780483512872332,-0.2758143520633437,0.4905434394154377,-1.2238341423646304,-0.800431943708486,0.9093613458906429,-0.7519199786994422,-0.3711750099510395,-1.0643923525646621,-0.812476354775211,1
0.6387020427715393,-0.630147236284077,-0.6312858765536178,0.16235174860138527,0.21516136342767372,1.3547426183136368,-0.19631213642233664,0.7494581011685004,0.4803499223225038,0.41945819855339334,0.29740613747165046,0.27583230624591115,0.36796061751069237,0.07572469226762453,-0.23520598057808587,0.39892876115693165,-0.6920543460043435,-0.27372408104116436,-0.738121329919213,-0.42426842319902625,1
-0.3056513109190115,0.15870623787290342,0.679754113171,-1.4440366286176536,-1.7096307768394867,-0.16878526600948013,-1.0101647911042448,-0.3228473618579456,2.3339278941760733,1.6583227173475867,-0.6011033350380677,-0.39856594873602386,-0.08602387523606207,0.17429666565790833,-0.26882427461510944,0.29786497110855326,-0.1511558011170763,-0.24616926742004647,0.3494487455656179,-0.3313443156872385,1
0.17284271883648344,0.9763344438504721,0.8390091040540173,-1.280819191004069,-1.2049413379023817,-0.34597114712654825,-0.014265651632682074,-0.3891631914129043,-0.20145341937654826,0.09453785800057325,0.6789701569244879,-0.35253175477590487,0.713620605393087,-0.37410057797849866,0.7367643948648421,-0.6775816595930912,-0.7367598873767996,-0.37708379098165995,0.11018332895895513,0.433749283896579,1
-1.0547767661603002,0.5891396681311774,0.7774234442378446,0.8913937446581365,0.8607709285359344,-0.9596652611269234,-1.2966301399628786,-1.1703759267935376,0.838182345219751,0.9368202726593595,-1.350802815467671,0.14584865038620193,-1.3265032652084994,1.0558491920168678,0.10508367051128119,0.024707318446404083,-0.33142846300161677,-0.25260241145702367,-0.25959049670588735,0.2803122558696835,1
1.7784803803234321,0.5454634467165276,-0.39193076424625933,-0.4497254432353189,-0.12291026644121554,-0.5879678029946918,1.5441950283516113,0.08773814672269149,0.259924752861548,-0.46263786384888134,1.0431015851648824,-1.0397522279503055,1.6543923872967485,-2.142899455266315,0.4767898081819089,-0.2886454299195297,-0.5361512508551999,-0.3251298036677306,-0.4553531102931569,0.005504343596086479,1
-1.231834155611089,0.6912054783348841,1.372382447033353,-0.6792237892356937,-0.6018290866887093,-0.5431286201958828,-0.9054313959800192,-0.5454799822780715,2.444145661286576,1.528250012170311,-1.1029998587893861,-1.0176213095653985,-1.3799612796157419,0.34832122022952594,-0.4163005722343873,0.18162629422358795,-0.2028306714727297,-0.18012719798907853,1.0672449953856062,0.6464511707140859,1
-0.8662996215153986,-0.08455541668332421,0.3424880374023935,-0.08220974851597226,-0.09489670400172696,-0.9112762176906799,-0.6013821515170354,-0.4674178554106089,0.3291117620682904,0.30822502565212917,-0.3683482989967718,0.15835712807933666,-1.3677481214059544,0.88993832021443,-0.44539975238638885,0.44744566427360766,0.37255012286499833,-0.08411837336950402,0.4364543516044044,-0.408194980694665,1
1.3189161505838218,0.3599204884951068,-1.055373831623676,0.2959803571411074,0.28603721895156137,0.4955205129470356,0.8995831675245876,1.262370521819004,-0.1574941047071013,-1.3222224124968591,0.9093276787289425,-1.7713464357013649,1.2398601070518445,-2.6315275896810055,-0.20119110983751462,0.1912921332924573,-0.4513561729750692,-0.31001809191514684,-0.9991381480355723,-0.5475571308122043,1
-0.25575941538116775,0.8845564506290112,0.47759387333278824,-0.3132776082892773,-0.23226303130388867,0.43163871956133887,-0.4544925270240859,-0.18870854632459488,-0.23175045639696515,-0.7214232069203926,-0.060904054301192896,-0.23722880736551397,-0.2239748335523248,0.08862008683994656,0.1855579213281776,-0.4587220273993079,-0.7497802814226908,-0.35318253665245164,0.11018332895895513,0.0072553044137725975,1
1.0999796130245296,1.887085113448046,2.136183609482027,-0.4815684363768157,-0.5512176172598466,-0.19214857064715574,-0.550479166295749,-0.513445843849073,-0.23021432691530583,-0.47765946631474543,0.8976124930746955,0.6921784422722462,1.6618656473554048,-0.13074827792253327,2.206611911606667,-2.343728087739898,-0.7808162101474654,-0.37814903328092414,0.4799571546237976,3.078618480335202,1
0.5464543320741841,1.1644476437609752,0.9462791382098199,0.9040825389867194,0.845095335461325,1.6387658824979245,0.9060037821678824,1.4119391546664195,0.3626011855287381,-0.11815239981836669,0.4280527813067021,1.0436199046633206,0.6673256977990425,0.24796388018034704,1.7566418303878573,-2.322074955528536,-0.8125126625902959,-0.3879226382940158,-1.020889549545269,1.0688550051986958,1
0.6461749239136426,1.1855232416505297,0.3230657199533551,0.4201549163228538,0.6520045563393488,0.705997253804172,-0.0991134983330041,0.2147990979456078,0.10248330338382781,0.17741617662540593,-0.655018652711435,-0.05781967931295817,-0.23816565232365253,-0.5317008967233207,1.1187539362694363,-1.1949839000533473,-0.7260867821494262,-0.3763953434394491,-0.8033755344483028,0.5761524212718194,1
0.9345157682797448,-0.5107062904699391,-0.8868100079737714,0.651557453132191,0.6612696094659043,0.7709792353684336,1.0813698858067797,0.5950880409021772,0.33314139881258636,-0.7268108587671814,0.20917969323478178,-0.03335282007311949,0.30589894817693003,-0.5378445567281105,-0.5113691562946594,0.5720214155417018,-0.6580986480015666,-0.3661138787769392,-0.9121325419967858,-0.46045822795628777,1
-0.27310293267183583,-0.7772895196939937,-0.6738019084265328,-0.6426801719168553,-0.5402069206973834,-0.762239185523831,-0.8558073403895115,-1.3055479429784855,-0.009402428075723916,0.5977554711278099,-0.12622909377125507,-0.9330867038652798,-0.8029811354401044,0.422467320607934,-0.6951299953840605,0.7575670628824378,1.0523909000428147,-0.020932579385065035,2.220069275399527,-0.8064309250310628,1
0.7363644661969724,-0.32308005468873613,-0.9556514372630492,0.43388200342945443,0.5274800689885717,0.9915926913973002,0.3014493102748599,0.660211525965369,0.9617161670352592,0.5974839631101074,-0.15841069864395568,0.3693513557287723,0.25515246835950983,-0.12721052502723412,-0.531728971983784,0.3768509289514467,-0.7259062545625473,-0.38527199927788297,-0.9121325419967858,-0.6532870920773581,1
-0.819236523601523,-0.6298004361429673,-0.31683272323943207,-0.1434969997142172,-0.015732842139596467,-1.0712221775074675,-0.4224763099798548,-0.9288325905754532,1.0597171307928566,1.2210125024358782,-1.3770044115637214,-1.0448571401488351,-1.0838305143007863,0.1306615642691876,-0.6040640969694472,0.6927901076961591,0.5440223812046976,-0.06343562791468321,1.3935160180310555,-0.6686163682636966,1
0.05268259331961266,1.5946526450225442,0.6668315686603616,-0.14485412834000272,0.13431491186724773,1.2273910151555572,-0.0666916019931184,0.8294501304315972,1.328860911593056,-0.17253521523437856,0.0009454337683302041,0.8488641532007245,0.046081875678750495,-0.18801737602247914,1.0784230291576533,-1.958206569623492,0.49012140882805416,2.1575972166216917,-0.8686297389773926,0.3371837310371394,1
-0.7509723723769249,-1.0986405781810642,-0.6657453176407397,-0.7910739020932235,-0.9037929215998008,-0.5422975267881528,-1.3781800609360975,-1.158979893311204,0.4906481576177619,0.6578937573347421,-0.8789824676087926,-0.3215751478464574,-0.21262212125683452,0.23240286330067586,-0.7632763305050563,0.8025513012983643,-0.23955738189628042,-0.2945794833646897,-0.08557928462831442,-0.7727707796279308,1
0.8557609375479747,0.6379293863475023,0.18723880252481614,0.2845724156261016,0.36767999003846147,1.0532079461774746,0.24275990768105657,0.7171986831930892,-0.24505691836250004,-0.6502965185852643,-0.02779004159671333,0.9014335497072393,0.07181558711938506,0.308013925685627,0.5147675040279284,-0.5652591652879438,-0.6475512465571791,-0.3461582921230836,-0.6946185268998197,-0.04073622971679278,1
1.8600156390620213,0.5758712302793999,-0.7511521147182658,-0.345403708949909,-0.48819155768261374,0.8260593731837793,1.3332296224544338,1.238344040989841,-0.9086343884118155,-1.631430370562274,1.2724141953778318,-0.4512251741128284,3.390497319925154,-1.6639465363891226,0.26388513744536524,-0.217364424548845,-0.37929894347622395,-0.318223875433155,-0.56411011784164,-0.4038373853585339,1
0.7537175351006146,0.4377046078758472,-0.9981626774528054,0.9567533278674936,0.8658509307781953,2.432046793947125,0.8818060604405366,2.106533914599185,0.7274385429146468,-0.45877448763851886,1.3691081047012006,2.3414350283214236,0.7292897087580353,0.5989767339937394,0.06716378456478579,-0.661700283282214,-0.8351185173146896,-0.3911911731307434,-1.238403564642235,-0.21147005340310496,1
-0.6110166094500956,-1.7276389793136238,-1.2760292919458598,0.13298082377300832,-0.024235048071086864,-0.2734961179626481,-1.3828065034701662,-0.8804079435683542,-1.6810101319880908,-0.40110848537256916,-0.8300624941607401,0.9770104637475862,-0.3437837612180706,0.6403288803020476,-0.8968722119171156,0.909354658357315,-0.522653207739203,-0.3112947204433269,-0.4771045118028535,-0.7721724137958763,1
0.19491584410160165,2.278239927977625,1.9809968520802117,0.01621731265879942,0.15713016963065518,0.6373734371406007,0.5565326177000756,0.21607641781209055,1.5729652666810199,0.4175324163804035,0.25821087005791604,1.688251084321436,0.641181793964938,0.8245062752279405,3.328186152340374,-3.566702513086108,-0.7896923143197454,-0.33315803775179953,-0.9991381480355723,3.3414140426072754,1
1.1519585667486634,1.3786880218953388,0.6132104003221194,2.1595581940188495,2.247253060814732,0.5774595211167279,0.7296488186701946,0.9129313919935439,1.1415584183560759,0.24807228115579275,0.6897962482708165,1.5001860472839086,2.132183834513372,-0.2201120271097494,2.1997531136661923,-2.3084065193838894,-0.814505292134633,-0.3836071707817788,-1.020889549545269,1.8693731213801328,1
-0.6690248004450517,0.35405158207259485,0.952433992895527,-0.9698108326396628,-1.0563700760282175,-1.2605244673484035,-1.4273057913072302,-1.4323376895188413,0.8284317094460529,1.3460848760405608,-1.324133465730897,0.42649886016672856,-1.2335585593482585,1.2427963168196818,-0.41519323229688015,0.32290443118876444,0.2472041559820735,-0.12326499802385674,0.8497309802886401,-0.21056723415775122,1
-0.9797399216888315,-1.194194400886931,-0.6963034201049522,-0.3511380553929192,-0.37330842457859026,-1.0700746710232278,0.43275656165363774,-0.6462173190853912,0.2587035090484949,0.6388496576610239,-1.0259311238850564,-0.48301744302035804,-0.17047587527547864,0.32243713753610187,-0.7537165076653127,0.865932490054107,2.282220940026228,0.42316442916076025,1.197753404443786,-0.8533431330548958,1
-0.5877640888164561,0.9745748153622688,0.8682199324602091,0.5187906009725093,0.5635525526456143,1.0073775027439835,0.27244468047334675,0.6234898143300718,0.41051163439461685,-0.2732841902153633,0.32436300592373557,-0.32792714726990957,1.1447744069354289,-1.2735373277658666,1.338153111543123,-1.3463727359402025,-0.8823492718159094,-0.40166420357323546,-0.7816241329386061,1.9893110680093744,1
0.08854166578091033,-0.5081523213010058,-0.06036403771041465,-2.52040906631115,-2.6816351042640774,-1.5759006597244816,-0.5521361625407765,-1.2852432505209477,0.5224025460190613,0.25923552027764823,0.7079012985791944,1.4097559466439715,0.31098277426436116,0.8265005332163993,-0.6262512673770126,0.6474105227165767,-0.3598852689455534,-0.2901948553571031,0.740973972740157,-0.5599958630467129,1
1.0053768502947185,1.5767982764355417,1.0646689614077698,-0.8622062458886238,-0.9527791056081872,0.8623956172377537,1.1525097744558732,0.9848493861132721,-1.5230050667428707,-2.323308112238302,1.2565066258777025,-0.1568537402520012,0.9870352114743772,-0.9914283681465403,2.5895200925382538,-2.856226709113514,-0.8753324796906965,-0.39728137084229487,-0.6293643223707298,2.443372637532835,1
1.0156059650121336,-0.6918762009525751,-0.5514428324183849,-1.5454546601331371,-1.4559473459969463,-0.16747301804399478,-0.41432431949271864,-0.2090559950082214,-1.4558699160156086,-0.9322177791798401,0.2582763015392651,-1.6077947443749685,0.5762447524464632,-1.5231304671442154,-0.43516588899189373,0.603818576230041,-0.41696523748553527,-0.16852650172637945,-0.49885591331255014,-0.468341656446605,1
-1.0044216159940953,0.5297460309759454,1.1452363562102685,0.14858964043167897,0.153751687895664,-0.7205356895705071,-0.792386541689583,-0.8845732937416617,1.358865121594553,1.4376867115894991,-1.7252750000176658,0.5272436314040004,-1.2202391457849096,1.201460986637417,-0.09351126040694932,0.03138474411307488,0.006081955687655175,-0.16453985752422512,0.41470295009470776,0.23551282979572372,1
-0.5527988526970863,1.031977319994119,1.7586797076201004,-0.5640707946377737,-0.6204768562595221,-0.8112532538455351,-0.8786872081817325,-1.036118639710361,1.9429751324564257,1.5894895846159183,-0.7478365658852991,0.7990257464492045,-0.6016675825796415,1.164523262741176,0.4078873657726807,-0.6479398955528332,0.10644031328988765,-0.11167876223937771,0.7844767757595502,0.9780927779554127,1
0.36979581910315124,-0.3447918184352715,0.007462059131663385,-1.5254462866007368,-1.6141085901476873,-1.2466874388865188,-0.4048495106743847,-0.7753010491353513,1.1062542347184172,1.3027254004799995,0.33861972016806924,-1.3219976891532152,0.55456679281658,-0.4277062204210423,-0.6011244865362498,0.6249976567042378,-0.3823477188711185,-0.2727057758198994,0.08843192744925851,-0.5059439544727405,1
-0.961787607219934,0.609673413729727,1.1134883235364783,0.2810325001333555,0.24168271715479345,-1.361032686065503,-0.9462716159436281,-1.028184646082821,0.3001770510534379,0.6816862396555353,-1.5596529687080745,0.17020665706484125,-0.8314950801744837,1.1605069201035378,-0.025664930425417877,-0.02744610167611316,-0.20392679327722216,-0.21151514511330669,-0.12908208764770765,0.5092510204226454,1
-0.39815392153021256,-1.1650469566763468,-0.8600492778425757,-0.5320068463911751,-0.6200195827691665,-0.35518682413229147,-0.7628733350618405,-0.8099670769174879,1.231153350716714,1.1256669338604024,-0.7672429207298087,0.05856824011786281,-0.42449610663456844,0.4303225654026747,-0.8637207951525037,0.9015773716107771,0.005216617677995368,-0.2369612010561402,-0.3900989057640671,-0.8277483230214586,1
2.608635706234518,0.7864258948180408,-0.7996809419596388,0.43408166101281903,0.5106100666894888,0.7107484283494724,1.9340572069194095,1.282702583860561,-0.37465502276761625,-1.750685526634048,1.3513601073648858,0.4991519218653368,1.111955494234569,-1.6107851342795856,0.04328726350321215,-0.2676105636080736,-0.2775253649847578,-0.31268700176619807,-0.7816241329386061,-0.41217728474301035,1
-1.0561173900240413,-0.2647075052441279,0.05859652890812814,0.5383124417315789,0.5287379299865201,-0.4475221622981205,-1.2718681282976256,-0.7679048907272201,-0.7206533391383003,0.22926184791567825,-1.1382623376731773,-1.6660242163455494,-1.1541845752957156,0.16348266921454008,-0.6019026004017489,0.6308107108556734,-0.16071723446957073,-0.254984211512686,0.15368613197834838,-0.47296997002824187,1
0.20226335425317965,0.6440199309574063,0.31741237723146953,0.11083222647776049,0.3667826671554784,0.44269871329427346,-0.28751054284220645,0.009008687868145597,-0.08508625462246312,-0.02407654568660557,-0.126807116109468,-0.7495909880145476,-0.16864784890978665,-0.3842676731246817,0.07168092235672631,-0.2589239143495262,-0.7359646069259111,-0.3739636505964517,-0.738121329919213,-0.14206168921640894,1
0.7300411734751683,1.021979647430306,1.022952652471895,-0.8215153943245866,-0.8752023181863873,-0.33758049449233807,0.4213846312506184,0.28805546807469723,-0.3947839375378106,-0.2879660491653536,0.5339799601055818,1.1234099736594045,1.4899210302111376,0.028609898691116603,0.6177449831853034,-0.4675776226757266,-0.7864446397332516,-0.38927778706377536,-0.281341898215584,0.8105404615523653,1
-0.10143026795213164,-0.9513510863234227,-0.1915278634001363,-0.86944290645564,-0.8826157678184509,-0.9972279087348452,-1.1942965120239861,-1.5389381032553942,-0.35735942704038604,0.38549430215369185,-0.9074594393451795,0.11914730972081825,-0.05199865161164484,0.5130345200066978,-0.7948418021410509,0.784490196326346,-0.4115517379613072,-0.30837041454954955,-0.3248447012349772,-0.6228902911306319,1
-1.0197556022790617,-1.2293184401278956,-0.7286852446177119,0.14100074144904173,0.12358404325207127,-0.4984479400198031,-0.8539036270384327,-0.4562132889622893,0.2807785037425243,0.9528835662526817,-1.4711213454936576,-0.7852621014167904,-1.1503748257733069,0.6729586249109467,-0.8837657808047829,0.9305914659118345,1.422380443289646,0.18680127200539323,1.088996396895303,-0.7930352538136181,1
-1.1974562445717851,0.04047220654834468,0.3840307342360975,-0.6803962905366707,-0.6551523041130293,-1.009875330786449,-0.9703169950649652,-1.0630913170705287,0.5634499561161596,0.9571932998448743,-0.6483678939697816,-0.8815299332504077,-1.1353472114086332,0.5874775712313862,-0.6575394953407084,0.5937062945275675,0.2402953191766775,-0.1482061991591339,0.7844767757595502,-0.520892200606778,1
-0.08968760027282517,0.34104098884682216,-1.0150192100943118,0.7645951417724361,0.8739662263819437,0.7746651460360002,-0.6192789101794158,0.39904335076188574,0.5508129991652814,-0.15698590766032977,-0.12726504795651924,0.44450405772930607,-0.28583039031115465,0.0038704262450968458,-0.21962204448884542,-0.5938983704554797,-0.24081657067159543,-0.17278781226519688,-0.41185030727376365,-0.7488305669913593,1
-0.9775272199520231,-2.4458050335634973,-1.9023692682895148,0.8001911049593501,0.6862426038565367,-0.3488936073179893,-1.000511009899843,-0.37554750119815306,-0.6708678203881503,0.32655891423088873,-1.3173548361142855,0.15587163218781455,-1.4639119249604733,1.3659319352193169,-0.9316320838818357,0.998234669472469,0.47733821345550337,-0.08407391619111365,0.11018332895895513,-0.9340194716993031,1
-0.16043754096706644,0.06851429242502637,0.1164397042924429,0.3281987202259583,0.5322964599091876,0.007544060003459248,-0.06695331076128565,0.44219070874691135,-1.1296123328303758,-0.728025675506942,-0.5059859631290655,-1.8717753056662876,-0.3681158694474597,-1.207107641318073,0.02138652988728468,0.029979013767073792,-0.6619961864734877,-0.3712079416731662,-0.5423587163319433,-0.033973892786069645,1
-1.0114863747117342,-0.4244781613807763,0.22226142736804602,-1.059239117026065,-1.0173163050548888,-1.1342655231133103,-0.7040301724460463,-0.6053765050566169,0.24634394608993015,-0.1371657483609972,-1.048914245451943,-0.6627922109240246,-0.3412191759567423,0.0666617725480778,-0.6909257879627108,0.722935095296277,1.2233650500253335,0.03754009169385311,1.7415384421862015,-0.675318169199289,1
1.3720887090775449,0.7730433438513512,0.5649284053676777,-0.31928645001764794,-0.33180943781041605,0.5769262802508828,0.1613600126227533,0.40261585081716256,-0.527107800278279,-0.9467526259322101,1.1106288803106226,0.7158012255700605,1.0158698471352783,-0.7733064766589095,1.3042828018770016,-1.0177135691209658,-0.7997904148898782,-0.35340665337748284,-0.19433629217679751,1.4365079974144002,1
-0.9464787901762504,0.6267698394619639,1.3246847633308263,-0.44251214853588194,-0.44463179987371754,-1.1566737211664435,-1.1869203862817932,-0.9488818205553573,0.7152145736519874,0.9007334648324143,-0.9003192324703905,0.3598736045187975,-1.401942890986218,1.5239052609099586,-0.44093310918769546,0.23120603791944155,0.33559262864661493,-0.05817474457667275,0.5017085561334942,0.24890200505055735,1
1.395976661380098,0.7790488732261387,-0.019432995343401583,-1.2292506022400362,-1.392526713882579,-0.38399955708560524,0.9467125007867787,0.041435761867522056,-0.9063197772895705,-0.9404800558678412,1.8919688034097737,0.7791204168500843,1.7032166427512068,-0.3843545796917412,0.3653872697550937,-0.4540421273111854,-0.7113644588376069,-0.3582986393655365,0.5669627606625841,0.004134054157919155,1
-0.7608116216857281,-0.8535148214706034,-0.3606443259414068,-0.8650424742563585,-0.830332230933325,-1.6561667233485113,-0.4807778330973305,-1.1545313224912328,0.8317012952283257,0.9700187133726089,-0.97232405768083,-0.805810663714957,-0.9830031338872578,0.3013760864104362,-0.7770753226261312,0.8568164917398734,3.0112626966221505,0.564916752736146,2.633345904083763,-0.7888932008933295,1
-0.15577528157070977,-0.0707046867830827,0.36699379888107625,-1.967227454712858,-1.9653102366771151,-1.3272689063573238,-0.7131876834688563,-1.350947268013636,0.25896029749648836,0.13529782530191925,0.5081073988741098,0.28195044991494395,0.015967199914994894,0.5538071041802046,-0.2692321060012672,0.42497202979743004,-0.14535978757500936,-0.2739946305893213,1.937301055773471,-0.3909453704323746,1
-0.9829746600185881,-1.6184977509753558,-1.0915768757615685,-0.5259969751818986,-0.5396206072596073,-0.9785199515749978,-0.6169378608636661,-0.42001128187040987,1.4371348815379825,0.6133037141872334,-1.3789948337148978,-1.0975232486980975,-1.3718458002992362,0.30932026180941835,-0.8719451609572787,0.9368692840279935,1.4985060975505993,0.0020314875235372407,1.3500132150116624,-0.9158183623246069,1
-0.8446440792446043,0.3065093584852941,1.1044698978055434,-1.0261658221187093,-1.1135501722389975,-1.5012872419466339,-0.8999447728973453,-1.30563247857334,0.4811806849520838,1.126116658218421,-1.7837945620608515,0.6218749577163125,-1.1231510480853042,1.317106096299231,-0.603653269807491,0.4065895533612165,1.1909488342960584,0.19923509041240917,2.32882628294801,-0.0747566619296546,1
1.028686220229841,0.3192742812155281,-0.2710634106767481,-0.434322604951856,-0.30257752926109643,0.5050944942801147,1.1226737561034164,0.5541192032359048,-1.2702976115332154,-2.063027491041265,0.7556638391669278,0.9126145400088423,0.6981677892520314,-0.016668627190871498,0.2564649845806636,-0.03368988915157232,-0.5637314579573823,-0.34706917812666954,-0.738121329919213,-0.17837977927210752,1
1.431994219495778,0.1995702793826396,0.09781673800261108,-0.21944346518545882,-0.3823831351546075,1.2521025168657507,0.159239851528585,0.6308564267068452,1.0624990793621034,0.24013181360665412,-0.15573476833648334,1.3497971429947706,1.0506235771728227,0.5652035974803229,0.717602234441147,-0.2891281743150921,-0.8729789483856231,-0.40155394048736587,-1.3471605721907183,0.5683266593943752,1
-0.5094206099569619,1.0375938540563026,1.8730479216165625,-1.3052795623485127,-1.42283094571452,-1.1272276572642304,-0.9760311690896545,-0.8450955014858625,0.5269396869102807,0.4896581854558986,-1.1196059433381298,-0.34884293110288084,-0.6715842740089119,0.30996120110530845,-0.06687045336116748,-0.22880000145793186,0.03642536854386746,-0.18119607350935474,1.1107477984049996,0.7693731154811885,1
-0.5306134639279544,-0.6906589883568752,-0.3038276973516818,-0.03164198826465865,0.052597764182295725,-0.8795117784924937,-0.7440732219849514,-0.7331783540069361,1.001682604963834,0.5592857423912129,-0.531569801443377,-0.20236115257062046,-1.0136106733907946,0.8994985164751318,-0.7469146671016397,0.7568046752232375,0.02073156439043376,-0.19668210787715018,-0.08557928462831442,-0.6595670141160089,1
-0.7889977591449407,0.02749559243458305,0.626572912121545,-0.05504983298867775,0.004000381900580748,0.6385605879251911,-0.4959566252212335,0.44759128923466446,1.5260148173453334,1.2689485793131585,-0.4860213840401269,0.30562924130560365,-0.2896362574270278,0.663612521221361,-0.5316545192450088,0.3076921295164135,-0.3664763225387226,-0.2689912534067385,-0.4553531102931569,-0.11133435137461045,1
0.824314693157257,1.7526106337396903,0.9242664315625873,0.8257692290139903,0.9933476822331749,0.3142407708647465,0.02063366420979617,0.17175526565595023,0.19374826054236619,-0.44195548774818444,0.32366840308959477,1.1857876988339964,0.9721967116345976,-0.6328444264034323,1.165694084808495,-1.9549271590341861,-0.7913660029370954,-0.39066038927899677,-0.4771045118028535,0.6075015383078445,1
0.15677546224392758,-0.3716330551707948,0.3341373225384631,0.04483161865756358,-0.031252582232452544,-0.7150663581328877,-0.3633403360145109,-0.8887869720311309,-0.0005626336213921904,0.7151872868464384,-0.8212784701545977,-1.775807951012775,0.2545696272626538,-0.4341332831393293,-0.47471023197074036,0.5363827706712784,-0.1516905514627346,-0.18018369522229588,0.21894033650743822,-0.25611405460477377,1
-0.6695160632430244,0.9102711129799006,1.57794996358139,-1.0601840536032159,-1.1156417805061234,-0.8184598302450468,-1.2384586626038991,-1.1105645977847782,0.11589415107680257,0.8210335634288922,-0.7976773063062723,0.27043676201281697,-0.7434542494916102,0.801889778862455,0.05025953942160573,-0.33327168175069644,-0.3268576279914158,-0.2187548383557257,0.24069173801713484,0.9475281181466121,1
-0.8932159800079487,-0.7398985235032065,-0.4227594003307666,-0.29375134420128407,-0.32534970555860654,-0.8523537670335556,-0.0752278516652674,-0.5914384727079682,0.7501506961681269,0.5062940864566163,-0.19576963086269603,0.3150553866360692,-1.1643339750176729,1.175225270775746,-0.6546441923808071,0.6722742710579069,-0.2730666321906872,-0.27709974417929767,0.24069173801713484,-0.6875901982951328,1
2.500575760104639,0.4815508273714325,-0.014486571086853648,0.3590787441430726,0.4291433540058443,0.03517658733651692,1.8760215151179171,1.049779034959044,-1.255037060507174,-1.1384087352444383,0.4454980874794558,-0.9862614489973924,1.0125359598825312,-0.9571877738595215,0.5008638613790185,-0.40278689052401073,-0.6485663662863141,-0.34172727783897494,-0.4771045118028535,0.4347803485878385,1
0.5373460352217058,0.7745723786222174,1.0343813200307563,-0.02027323687373605,-0.005402886311632827,-0.8592569052268277,-0.04188761889893951,-0.10949284881895094,-0.5656052234768375,-1.6478996173169185,0.6422359958012123,0.6348521130576352,0.5866514789608136,-0.16393066479749002,0.4437180374334769,-0.5656381123576053,-0.6266804709639802,-0.2842541123252667,0.5452113591528874,0.6474377599803514,1
-1.1861571022130402,0.0861004534806599,0.65475118872995,-1.9305976932552915,-1.9137844760587577,-1.3051766123343396,-1.622826672350732,-1.724197263550648,0.9002143612942474,1.2116852113564978,-0.22583935298809754,-0.1707856628865203,-0.822995923070959,0.5749954146819947,-0.4670520830073689,0.41389093200107074,-0.09573064348491096,-0.24863245162637784,1.6110300331280216,-0.35052007849505884,1
1.403390013815334,-0.46826787078753823,-1.1449558304944494,0.16206820805906216,0.29026766476533494,1.121884315543298,0.6068005729105246,0.8938752562067679,1.321370886418425,0.003118933840524784,0.9096755549417692,1.6455655890558802,0.29214439046692964,0.47100284419336996,-0.3969793022778641,0.3178025570312262,-0.5484053895612412,-0.34677929105059246,-0.6946185268998197,-0.6088183224560646,1
-0.7744039181318909,-0.38975059639950177,0.05384528989209608,-2.4148876671077497,-2.3761843203288557,-1.3659139795092867,-1.1819649535931354,-1.5415840908965301,1.8082389776570005,1.6384860103599241,-0.9816838054704918,-0.6944573891762233,-0.9605097410588034,0.6973691251745299,-0.7529225402916657,0.763255412918157,1.0713694256550705,0.06511996807514779,2.002555260302561,-0.6399001485642806,1
-0.5225491313586115,1.4233978493147483,0.9364753308442701,0.40987206048073116,0.4381667225490605,0.965281419466965,-0.35096375308115874,0.4594261364869775,1.2756804468784941,0.24854517712127444,0.414204414105508,0.7235109391876544,-0.3318359257530225,0.2362221591102307,0.3078742030590218,-0.5330184555643703,-0.3524859153551754,0.19893574403208872,-0.19433629217679751,0.546043674421739,1
1.601824320062344,0.2708857902542002,-0.3688796397954008,1.64628301086675,1.766921118680289,0.6404521503305547,0.8747080384150676,0.5694920927090373,-1.2274186258451347,-0.6633462705387196,0.677277601683433,-2.0532196651261465,0.5311937728971154,-1.5684201712878263,0.32981413544744603,-0.14649961180014454,0.7136581876191121,1.754848197462512,-0.8686297389773926,0.0015556750842061053,1
1.3123490513283713,0.9923873474728168,-0.03224200062058029,0.012427897499584792,0.24554343761977174,0.2748310590258254,0.6881657428894798,0.3273378520224517,-0.832527293614892,-1.5113266887146006,1.091086102885629,1.333459859579368,1.3342204315545276,0.1893991785002212,0.7396886438480756,-0.9219183951748507,1.1224339842164506,3.6197749056161435,-1.695182996345864,0.09989362942320176,1
0.8130855696457839,1.0116324833162504,-0.23712102035812355,1.465160313010509,1.4408978318425105,1.5610247484418749,0.8128761333170922,1.4730044694381021,-0.4426516849023154,-1.256247218941079,0.9260796742821065,0.8324606398519531,0.7464153675592745,-0.475243761107323,0.6702558458420966,-1.7102255137118412,-0.7791657896989036,-0.38572223681782747,-0.8903811404870893,0.036757416031541985,1
-1.2573236554542189,1.1776682002684806,2.069061219351673,-0.2200616202113985,-0.2612245493216794,0.026550127154554664,-0.8534345628927752,-0.18988834671749893,1.211021431261647,1.3602609516713493,-1.577998223258713,1.1773853083570163,-1.1153294476000655,1.7264456455521977,-0.34312251523385545,-0.47550487703712474,-0.2543686910868858,-0.22939559883821542,-0.12908208764770765,1.3993797851012835,1
0.9634593785754756,0.12317723091698801,0.15924753871786612,-1.1233085050053822,-1.0730643897991277,0.16394009082186467,0.741818946651244,0.3725990524160035,1.160408701948505,0.1795232051213131,1.100701136027448,1.00294603270417,1.0578161240554855,-0.15814746838090055,-0.010055097294916573,0.20640810725619532,-0.4833742866582579,-0.17414885564513208,0.6757197682110672,-0.230563879406456,1
-1.3582484133694026,0.3328448270978978,0.4204736792718898,0.04517459049033539,0.06637087876985036,0.049526862658286756,-1.3266977858746571,-0.8248962535707174,1.7496037406455294,1.6228582110579448,-0.904550260661151,1.1363976841656305,-0.5036841867610212,1.0627318808266224,-0.5416288532613579,0.41519509592522813,-0.3455081976846989,-0.278575468047091,0.023177722920168665,-0.31233298442379576,1
-0.37667029878894037,0.2581257868936537,0.5552621956984062,-0.6353419516175749,-0.5494004377173989,-0.8586436929539019,-1.2357210573611654,-1.1470197217110252,0.6901449320149048,1.2525094381149195,-1.0497644677140907,-0.7256487918433643,-0.9710072434656146,0.5503536980647964,-0.22468524298869408,0.2806474866585886,-0.3878726120647384,-0.24845788117507622,-0.020325080099224572,-0.12812876602374507,1
-0.8403834477627811,0.10570632454808578,0.8920946818128923,-0.7652492458993202,-0.8811948073138431,-1.562517364484185,-0.988722766537744,-1.1212863497012517,0.396935144219469,0.41592622898004533,-1.4879975767707905,-0.04718962592037077,-1.1987741091547746,0.8753566138060155,-0.5752969786309496,0.4931847830666917,0.7672214868643689,0.05730349000690193,1.763289843695898,-0.22205903039469438,1
-0.6625507335994991,-0.6074510345246265,-0.22767826263740876,-0.7347481560964066,-0.6127344694262447,-0.8806388410790449,-1.2657908287805146,-1.1649522039583173,-0.023405301517621113,0.6634651891093366,-1.535983493813827,0.15589710594746897,-1.6114739483162714,1.1931265336084718,-0.6950531610629721,0.756204168027476,0.6198942745122975,-0.1443511473775199,1.654532836147415,-0.7231067742401862,1
-0.5809089685168447,-0.40695069820057495,0.18298605600631368,-0.7244660151098196,-0.680210488888399,-0.7308895643204578,-1.325100834028452,-1.369399662894125,1.365845592047825,1.3244174284862111,-0.951583546215629,-1.4157916768864773,-0.8186316046608921,0.009736392995794336,-0.7090927080102942,0.6970766545678855,-0.024798029491543024,-0.19424207284839853,-0.020325080099224572,-0.5539473248051189,1
